age,link
12,https://www.kinopoisk.ru/film/tayna-koko-2017-679486/
12,https://www.kinopoisk.ru/film/proshchay-kristofer-robin-2017-993579/
0,https://www.kinopoisk.ru/film/chastnoe-pionerskoe-3-privet-vzroslaya-zhizn-2017-909664/
18,https://www.kinopoisk.ru/film/obet-molchaniya-2017-1009473/
12,https://www.kinopoisk.ru/film/detki-naprokat-2017-1047968/
0,https://www.kinopoisk.ru/film/mister-felichita-2017-1026440/
12,https://www.kinopoisk.ru/film/legenda-o-kolovrate-2017-844118/
18,https://www.kinopoisk.ru/film/inostranets-2017-618287/
0,https://www.kinopoisk.ru/film/maksimalnyy-udar-2017-917942/
16,https://www.kinopoisk.ru/film/atlantida-2017-678639/
16,https://www.kinopoisk.ru/film/konvert-2017-981348/
